Tiempo,Ch1
0.0,13.4
0.021500000000000002,13.4
0.043000000000000003,13.3
0.0645,13.4
0.08600000000000001,13.2
0.1075,13.2
0.129,13.1
0.1505,13.1
0.17200000000000001,13.0
0.1935,12.9
0.215,13.0
0.23650000000000002,12.7
0.258,12.7
0.2795,12.6
0.301,12.6
0.3225,12.6
0.34400000000000003,12.4
0.3655,12.4
0.387,12.3
0.40850000000000003,12.2
0.43,12.2
0.4515,12.1
0.47300000000000003,12.0
0.4945,12.0
0.516,11.8
0.5375,11.8
0.559,11.8
0.5805,11.7
0.602,11.7
0.6235,11.6
0.645,11.5
0.6665,11.4
0.6880000000000001,11.4
0.7095,11.4
0.731,11.3
0.7525000000000001,11.2
0.774,11.0
0.7955,11.0
0.8170000000000001,11.0
0.8385,10.9
0.86,10.9
0.8815000000000001,10.8
0.903,10.6
0.9245,10.6
0.9460000000000001,10.6
0.9675,10.5
0.989,10.4
1.0105,10.3
1.032,10.2
1.0535,10.2
1.075,10.1
1.0965,10.0
1.118,9.92
1.1395,9.84
1.161,9.68
1.1825,9.6
1.204,9.52
1.2255,9.44
1.247,9.28
1.2685,9.2
1.29,9.12
1.3115,8.96
1.333,8.96
1.3545,8.88
1.3760000000000001,8.72
1.3975,8.64
1.419,8.56
1.4405000000000001,8.4
1.462,8.32
1.4835,8.24
1.5050000000000001,8.08
1.5265,8.0
1.548,7.92
1.5695000000000001,7.76
1.591,7.68
1.6125,7.6
1.6340000000000001,7.44
1.6555,7.36
1.677,7.28
1.6985000000000001,7.2
1.72,7.04
1.7415,6.96
1.7630000000000001,6.88
1.7845,6.72
1.806,6.64
1.8275000000000001,6.64
1.849,6.64
1.8705,6.56
1.8920000000000001,6.56
1.9135,6.56
1.935,6.4
1.9565000000000001,6.16
1.978,6.0
1.9995,5.84
2.021,5.76
2.0425,5.6
2.064,5.36
2.0855,5.2
2.107,5.04
2.1285,4.88
2.15,4.64
2.1715,4.56
2.193,4.4
2.2145,4.24
2.236,4.24
2.2575,4.08
2.279,3.92
2.3005,3.84
2.322,3.76
2.3435,3.76
2.365,3.6
2.3865,3.52
2.408,3.52
2.4295,3.36
2.451,3.28
2.4725,3.2
2.494,3.04
2.5155,2.96
2.537,2.88
2.5585,2.72
2.58,2.56
2.6015,2.48
2.623,2.32
2.6445,2.16
2.666,2.08
2.6875,1.92
2.709,1.84
2.7305,1.76
2.7520000000000002,1.6
2.7735,1.6
2.795,1.44
2.8165,1.28
2.838,1.2
2.8595,1.2
2.8810000000000002,1.12
2.9025,0.88
2.924,0.8
2.9455,0.72
2.967,0.56
2.9885,0.56
3.0100000000000002,0.4
3.0315,0.24
3.053,0.16
3.0745,0.0
3.096,-0.08
3.1175,-0.08
3.1390000000000002,-0.08
3.1605,-0.16
3.182,-0.08
3.2035,-0.08
3.225,-0.08
3.2465,-0.08
3.2680000000000002,-0.08
3.2895,-0.16
3.311,-0.08
3.3325,-0.08
3.354,-0.16
3.3755,-0.08
3.3970000000000002,-0.16
3.4185,-0.16
3.44,-0.08
3.4615,-0.16
3.483,-0.16
3.5045,-0.08
3.5260000000000002,-0.08
3.5475,0.08
3.569,0.16
3.5905,0.24
3.612,0.24
3.6335,0.4
3.6550000000000002,0.48
3.6765,0.56
3.698,0.64
3.7195,0.8
3.741,0.88
3.7625,1.04
3.7840000000000003,1.12
3.8055,1.2
3.827,1.28
3.8485,1.36
3.87,1.52
3.8915,1.6
3.9130000000000003,1.76
3.9345,1.92
3.956,2.0
3.9775,2.08
3.999,2.24
4.0205,2.24
4.042,2.4
4.0635,2.56
4.085,2.64
4.1065000000000005,2.8
4.128,2.88
4.1495,2.96
4.171,3.04
4.1925,3.2
4.214,3.28
4.2355,3.36
4.257,3.52
4.2785,3.52
4.3,3.68
4.3215,3.84
4.343,3.92
4.3645000000000005,3.92
4.386,4.08
4.4075,4.16
4.429,4.24
4.4505,4.32
4.472,4.4
4.4935,4.48
4.515,4.56
4.5365,4.72
4.558,4.8
4.5795,4.88
4.601,5.04
4.6225000000000005,5.04
4.644,5.2
4.6655,5.28
4.687,5.44
4.7085,5.52
4.73,5.68
4.7515,5.68
4.773,5.84
4.7945,5.84
4.816,6.0
4.8375,6.16
4.859,6.24
4.8805000000000005,6.32
4.902,6.4
4.9235,6.56
4.945,6.64
4.9665,6.72
4.988,6.8
5.0095,6.96
5.031,6.96
5.0525,7.04
5.074,7.12
5.0955,7.2
5.117,7.36
5.1385000000000005,7.28
5.16,7.36
5.1815,7.36
5.203,7.44
5.2245,7.6
5.246,7.6
5.2675,7.76
5.289,7.92
5.3105,8.08
5.332,8.16
5.3535,8.32
5.375,8.48
5.3965000000000005,8.64
5.418,8.64
5.4395,8.8
5.461,8.8
5.4825,9.04
5.5040000000000004,9.12
5.5255,9.2
5.547,9.28
5.5685,9.36
5.59,9.36
5.6115,9.52
5.633,9.6
5.6545000000000005,9.68
5.676,9.84
5.6975,9.92
5.719,10.0
5.7405,10.0
5.7620000000000005,10.2
5.7835,10.2
5.805,10.3
5.8265,10.3
5.848,10.5
5.8695,10.5
5.891,10.6
5.9125000000000005,10.8
5.934,10.9
5.9555,11.0
5.977,11.0
5.9985,11.1
6.0200000000000005,11.1
6.0415,11.2
6.063,11.4
6.0845,11.4
6.106,11.4
6.1275,11.6
6.149,11.7
6.1705000000000005,11.8
6.192,11.8
6.2135,11.9
6.235,12.0
6.2565,12.2
6.2780000000000005,12.2
6.2995,12.4
6.321,12.4
6.3425,12.5
6.364,12.5
6.3855,12.6
6.407,12.6
6.4285000000000005,12.7
6.45,12.7
6.4715,12.8
6.493,12.8
6.5145,12.9
6.5360000000000005,12.9
6.5575,13.0
6.579,13.0
6.6005,13.0
6.622,13.0
6.6435,13.2
6.665,13.2
6.6865000000000006,13.3
6.708,13.3
6.7295,13.4
6.751,13.4
6.7725,13.4
6.7940000000000005,13.6
6.8155,13.7
6.837,13.6
6.8585,13.7
6.88,13.8
6.9015,13.8
6.923,13.8
6.944500000000001,13.9
6.966,14.0
6.9875,14.0
7.009,14.1
7.0305,14.0
7.0520000000000005,14.1
7.0735,14.2
7.095,14.2
7.1165,14.2
7.138,14.2
7.1595,14.2
7.181,14.3
7.202500000000001,14.3
7.224,14.2
7.2455,14.3
7.267,14.4
7.2885,14.4
7.3100000000000005,14.4
7.3315,14.4
7.353,14.4
7.3745,14.5
7.396,14.5
7.4175,14.5
7.439,14.6
7.460500000000001,14.6
7.482,14.6
7.5035,14.6
7.525,14.6
7.5465,14.6
7.5680000000000005,14.7
7.5895,14.7
7.611,14.8
7.6325,14.8
7.654,14.8
7.6755,14.8
7.697,14.9
7.718500000000001,14.8
7.74,15.0
7.7615,15.0
7.783,15.0
7.8045,15.0
7.8260000000000005,15.0
7.8475,15.0
7.869,15.0
7.8905,15.0
7.912,15.0
7.9335,15.0
7.955,15.0
7.976500000000001,15.0
7.998,15.1
8.0195,15.0
8.041,15.0
8.0625,15.1
8.084,15.1
8.105500000000001,15.1
8.127,15.1
8.1485,15.2
8.17,15.2
8.1915,15.1
8.213000000000001,15.2
8.2345,15.2
8.256,15.1
8.2775,15.2
8.299,15.3
8.320500000000001,15.3
8.342,15.1
8.3635,15.3
8.385,15.3
8.4065,15.3
8.428,15.3
8.4495,15.2
8.471,15.3
8.4925,15.3
8.514,15.3
8.5355,15.2
8.557,15.3
8.5785,15.4
8.6,15.3
8.621500000000001,15.3
8.643,15.3
8.6645,15.3
8.686,15.3
8.7075,15.3
8.729000000000001,15.3
8.7505,15.3
8.772,15.4
8.7935,15.3
8.815,15.3
8.836500000000001,15.3
8.858,15.3
8.8795,15.3
8.901,15.2
8.9225,15.4
8.944,15.3
8.9655,15.3
8.987,15.3
9.0085,15.3
9.03,15.3
9.0515,15.3
9.073,15.3
9.0945,15.3
9.116,15.2
9.137500000000001,15.2
9.159,15.2
9.1805,15.1
9.202,15.0
9.2235,14.9
9.245000000000001,14.8
9.2665,14.7
9.288,14.7
9.3095,14.6
9.331,14.6
9.352500000000001,14.6
9.374,14.6
9.3955,14.5
9.417,14.5
9.4385,14.4
9.46,14.4
9.4815,14.4
9.503,14.4
9.5245,14.3
9.546,14.4
9.5675,14.2
9.589,14.2
9.6105,14.2
9.632,14.2
9.653500000000001,14.0
9.675,14.0
9.6965,14.0
9.718,13.9
9.7395,13.9
9.761000000000001,13.9
9.7825,13.8
9.804,13.8
9.8255,13.8
9.847,13.7
9.868500000000001,13.6
9.89,13.6
9.9115,13.6
9.933,13.6
9.9545,13.6
9.976,13.4
9.9975,13.4
10.019,13.4
10.0405,13.4
10.062,13.3
10.0835,13.2
10.105,13.2
10.1265,13.1
10.148,13.0
10.169500000000001,13.0
10.191,12.9
10.2125,12.9
10.234,12.7
10.2555,12.8
10.277000000000001,12.6
10.2985,12.6
10.32,12.6
10.3415,12.5
10.363,12.3
10.384500000000001,12.3
10.406,12.2
10.4275,12.2
10.449,12.1
10.4705,12.0
10.492,12.0
10.5135,11.8
10.535,11.8
10.5565,11.8
10.578,11.7
10.5995,11.7
10.621,11.6
10.6425,11.5
10.664,11.4
10.685500000000001,11.4
10.707,11.3
10.7285,11.2
10.75,11.1
10.7715,11.1
10.793000000000001,11.0
10.8145,11.0
10.836,10.9
10.8575,10.8
10.879,10.8
10.900500000000001,10.6
10.922,10.6
10.9435,10.5
10.965,10.5
10.9865,10.4
11.008000000000001,10.3
11.0295,10.2
11.051,10.2
11.0725,10.0
11.094,9.92
11.1155,9.92
11.137,9.84
11.1585,9.76
11.18,9.52
11.2015,9.52
11.223,9.44
11.2445,9.28
11.266,9.2
11.2875,9.12
11.309000000000001,9.04
11.3305,8.96
11.352,8.88
11.3735,8.8
11.395,8.64
11.416500000000001,8.56
11.438,8.48
11.4595,8.32
11.481,8.24
11.5025,8.08
11.524000000000001,8.0
11.5455,7.92
11.567,7.76
11.5885,7.68
11.61,7.6
11.6315,7.52
11.653,7.44
11.6745,7.28
11.696,7.2
11.7175,7.04
11.739,6.96
11.7605,6.88
11.782,6.72
11.8035,6.72
11.825000000000001,6.64
11.8465,6.56
11.868,6.56
11.8895,6.56
11.911,6.56
11.932500000000001,6.4
11.954,6.24
11.9755,6.0
11.997,5.92
12.0185,5.76
12.040000000000001,5.68
12.0615,5.52
12.083,5.28
12.1045,5.04
12.126,4.88
12.1475,4.72
12.169,4.64
12.1905,4.48
12.212,4.24
12.2335,4.24
12.255,4.08
12.2765,3.92
12.298,3.84
12.3195,3.76
12.341000000000001,3.68
12.3625,3.68
12.384,3.52
12.4055,3.44
12.427,3.44
12.448500000000001,3.28
12.47,3.12
12.4915,3.12
12.513,2.96
12.5345,2.88
12.556000000000001,2.72
12.5775,2.56
12.599,2.48
12.6205,2.32
12.642,2.24
12.6635,2.08
12.685,1.92
12.7065,1.84
12.728,1.68
12.7495,1.6
12.771,1.52
12.7925,1.44
12.814,1.28
12.8355,1.2
12.857000000000001,1.2
12.8785,1.04
12.9,0.96
12.9215,0.8
12.943,0.72
12.964500000000001,0.56
12.986,0.48
13.0075,0.4
13.029,0.24
13.0505,0.16
13.072000000000001,0.0
13.0935,-0.08
13.115,-0.08
13.1365,-0.08
13.158,-0.08
13.1795,-0.08
13.201,-0.08
13.2225,-0.16
13.244,-0.08
13.2655,-0.16
13.287,-0.16
13.3085,-0.08
13.33,-0.16
13.3515,-0.08
13.373000000000001,-0.16
13.3945,-0.16
13.416,-0.16
13.4375,-0.08
13.459,-0.08
13.480500000000001,-0.08
13.502,-0.08
13.5235,0.0
13.545,0.08
13.5665,0.24
13.588000000000001,0.24
13.6095,0.24
13.631,0.48
13.6525,0.4
13.674,0.56
13.695500000000001,0.64
13.717,0.8
13.7385,0.96
13.76,1.04
13.7815,1.2
13.803,1.2
13.8245,1.28
13.846,1.44
13.8675,1.6
13.889000000000001,1.6
13.9105,1.76
13.932,1.84
13.9535,2.0
13.975,2.08
13.996500000000001,2.24
14.018,2.4
14.0395,2.4
14.061,2.56
14.0825,2.64
14.104000000000001,2.8
14.1255,2.88
14.147,2.96
14.1685,3.04
14.19,3.12
14.211500000000001,3.28
14.233,3.28
14.2545,3.52
14.276,3.52
14.2975,3.68
14.319,3.68
14.3405,3.84
14.362,3.92
14.3835,4.08
14.405000000000001,4.16
14.4265,4.24
14.448,4.24
14.4695,4.48
14.491,4.48
14.512500000000001,4.64
14.534,4.72
14.5555,4.8
14.577,4.88
14.5985,5.04
14.620000000000001,5.12
14.6415,5.2
14.663,5.36
14.6845,5.44
14.706,5.52
14.727500000000001,5.68
14.749,5.68
14.7705,5.84
14.792,5.92
14.8135,6.0
14.835,6.16
14.8565,6.24
14.878,6.32
14.8995,6.4
14.921000000000001,6.56
14.9425,6.56
14.964,6.64
14.9855,6.72
15.007,6.88
15.028500000000001,6.96
15.05,7.04
15.0715,7.12
15.093,7.2
15.1145,7.28
15.136000000000001,7.36
15.1575,7.36
15.179,7.36
15.2005,7.44
15.222,7.52
15.243500000000001,7.68
15.265,7.76
15.2865,7.92
15.308,8.0
15.3295,8.16
15.351,8.24
15.3725,8.48
15.394,8.56
15.4155,8.72
15.437000000000001,8.8
15.4585,8.88
15.48,8.96
15.5015,9.12
15.523,9.2
15.544500000000001,9.28
15.566,9.28
15.5875,9.44
15.609,9.52
15.6305,9.68
15.652000000000001,9.68
15.6735,9.84
15.695,9.84
15.7165,9.92
15.738,10.0
15.759500000000001,10.2
15.781,10.2
15.8025,10.2
15.824,10.4
15.8455,10.4
15.867,10.5
15.8885,10.6
15.91,10.7
15.9315,10.9
15.953000000000001,10.9
15.9745,11.0
15.996,11.1
16.017500000000002,11.2
16.039,11.3
16.0605,11.4
16.082,11.4
16.1035,11.5
16.125,11.5
16.1465,11.6
16.168,11.8
16.1895,11.8
16.211000000000002,11.8
16.2325,12.0
16.254,12.1
16.2755,12.2
16.297,12.3
16.3185,12.3
16.34,12.4
16.3615,12.6
16.383,12.6
16.4045,12.6
16.426000000000002,12.7
16.4475,12.7
16.469,12.8
16.4905,12.8
16.512,12.9
16.5335,12.9
16.555,13.0
16.5765,13.0
16.598,13.0
16.6195,13.1
16.641000000000002,13.2
16.6625,13.1
16.684,13.2
16.7055,13.3
16.727,13.4
16.7485,13.4
16.77,13.4
16.7915,13.5
16.813,13.6
16.834500000000002,13.7
16.856,13.7
16.8775,13.7
16.899,13.8
16.9205,13.8
16.942,13.9
16.9635,13.9
16.985,13.9
17.0065,14.0
17.028,14.0
17.049500000000002,14.1
17.071,14.1
17.0925,14.1
17.114,14.2
17.1355,14.2
17.157,14.2
17.1785,14.2
17.2,14.2
17.2215,14.2
17.243000000000002,14.3
17.2645,14.3
17.286,14.4
17.3075,14.4
17.329,14.3
17.3505,14.4
17.372,14.4
17.3935,14.4
17.415,14.5
17.4365,14.6
17.458000000000002,14.6
17.4795,14.6
17.501,14.6
17.5225,14.6
17.544,14.6
17.5655,14.6
17.587,14.6
17.6085,14.7
17.63,14.7
17.6515,14.8
17.673000000000002,14.8
17.6945,14.8
17.716,14.9
17.7375,14.9
17.759,14.9
17.7805,14.9
17.802,15.0
17.8235,15.0
17.845,15.0
17.866500000000002,15.0
17.888,15.0
17.9095,15.0
17.931,15.0
17.9525,15.0
17.974,15.0
17.9955,15.0
18.017,15.0
18.0385,15.1
18.06,15.1
18.081500000000002,15.1
18.103,15.1
18.1245,15.1
18.146,15.1
18.1675,15.1
18.189,15.2
18.2105,15.1
18.232,15.1
18.2535,15.2
18.275000000000002,15.2
18.2965,15.2
18.318,15.2
18.3395,15.2
18.361,15.3
18.3825,15.2
18.404,15.2
18.4255,15.2
18.447,15.3
18.4685,15.2
18.490000000000002,15.3
18.5115,15.3
18.533,15.3
18.5545,15.3
18.576,15.3
18.5975,15.3
18.619,15.3
18.6405,15.3
18.662,15.3
18.6835,15.3
18.705000000000002,15.3
18.7265,15.3
18.748,15.3
18.7695,15.3
18.791,15.3
18.8125,15.3
18.834,15.4
18.8555,15.3
18.877,15.3
18.898500000000002,15.3
18.92,15.4
18.9415,15.3
18.963,15.3
18.9845,15.3
19.006,15.3
19.0275,15.3
19.049,15.3
19.0705,15.3
19.092,15.2
19.113500000000002,15.3
19.135,15.2
19.1565,15.2
19.178,15.1
19.1995,15.0
19.221,15.0
19.2425,14.8
19.264,14.7
19.2855,14.8
19.307000000000002,14.7
19.328500000000002,14.6
19.35,14.6
19.3715,14.6
19.393,14.5
19.4145,14.5
19.436,14.4
19.4575,14.5
19.479,14.4
19.5005,14.4
19.522000000000002,14.3
19.5435,14.3
19.565,14.2
19.5865,14.2
19.608,14.2
19.6295,14.2
19.651,14.2
19.6725,14.1
19.694,14.0
19.7155,14.0
19.737000000000002,13.9
19.7585,13.8
19.78,13.8
19.8015,13.8
19.823,13.8
19.8445,13.6
19.866,13.7
19.8875,13.6
19.909,13.6
19.930500000000002,13.5
19.952,13.4
19.9735,13.4
19.995,13.4
20.0165,13.4
20.038,13.4
20.0595,13.3
20.081,13.3
20.1025,13.2
20.124,13.1
20.145500000000002,13.0
20.167,13.0
20.1885,12.9
20.21,12.9
20.2315,12.8
20.253,12.7
20.2745,12.6
20.296,12.6
20.3175,12.6
20.339000000000002,12.5
20.360500000000002,12.4
20.382,12.3
20.4035,12.3
20.425,12.2
20.4465,12.1
20.468,12.1
20.4895,12.0
20.511,11.9
20.5325,11.8
20.554000000000002,11.8
20.5755,11.7
20.597,11.7
20.6185,11.5
20.64,11.5
20.6615,11.5
20.683,11.4
20.7045,11.3
20.726,11.3
20.7475,11.1
20.769000000000002,11.1
20.7905,11.0
20.812,11.0
20.8335,11.0
20.855,10.9
20.8765,10.8
20.898,10.8
20.9195,10.6
20.941,10.6
20.962500000000002,10.5
20.984,10.5
21.0055,10.4
21.027,10.3
21.0485,10.2
21.07,10.1
21.0915,10.0
21.113,9.92
21.1345,9.84
21.156,9.68
21.177500000000002,9.6
21.199,9.52
21.2205,9.44
21.242,9.28
21.2635,9.2
21.285,9.12
21.3065,9.04
21.328,8.96
21.3495,8.88
21.371000000000002,8.8
21.392500000000002,8.64
21.414,8.56
21.4355,8.4
21.457,8.32
21.4785,8.24
21.5,8.08
21.5215,8.08
21.543,7.92
21.5645,7.84
21.586000000000002,7.76
21.6075,7.6
21.629,7.52
21.6505,7.36
21.672,7.28
21.6935,7.2
21.715,7.12
21.7365,6.96
21.758,6.88
21.7795,6.88
21.801000000000002,6.72
21.8225,6.64
21.844,6.56
21.8655,6.64
21.887,6.56
21.9085,6.48
21.93,6.56
21.9515,6.24
21.973,6.08
21.994500000000002,5.92
22.016000000000002,5.84
22.0375,5.68
22.059,5.52
22.0805,5.28
22.102,5.12
22.1235,4.96
22.145,4.8
22.1665,4.64
22.188,4.48
22.209500000000002,4.32
22.231,4.24
22.2525,4.08
22.274,4.08
22.2955,3.92
22.317,3.84
22.3385,3.68
22.36,3.6
22.3815,3.6
22.403,3.52
22.424500000000002,3.52
22.446,3.28
22.4675,3.2
22.489,3.04
22.5105,3.04
22.532,2.88
22.5535,2.8
22.575,2.56
22.5965,2.48
22.618000000000002,2.32
22.6395,2.16
22.661,2.08
22.6825,2.0
22.704,1.84
22.7255,1.76
22.747,1.6
22.7685,1.6
22.79,1.44
22.8115,1.36
22.833000000000002,1.2
22.8545,1.2
22.876,1.04
22.8975,0.96
22.919,0.8
22.9405,0.72
22.962,0.64
22.9835,0.56
23.005,0.4
23.026500000000002,0.24
23.048000000000002,0.16
23.0695,0.08
23.091,-0.08
23.1125,-0.16
23.134,-0.08
23.1555,-0.16
23.177,-0.16
23.1985,-0.16
23.22,-0.16
23.241500000000002,-0.08
23.263,-0.16
23.2845,-0.16
23.306,-0.08
23.3275,-0.08
23.349,-0.08
23.3705,-0.08
23.392,-0.08
23.4135,-0.08
23.435,-0.16
23.456500000000002,-0.16
23.478,-0.08
23.4995,-0.08
23.521,-0.08
23.5425,0.0
23.564,0.08
23.5855,0.16
23.607,0.24
23.6285,0.32
23.650000000000002,0.48
23.6715,0.48
23.693,0.64
23.7145,0.8
23.736,0.8
23.7575,0.96
23.779,1.12
23.8005,1.2
23.822,1.28
23.8435,1.36
23.865000000000002,1.52
23.8865,1.6
23.908,1.76
23.9295,1.76
23.951,1.92
23.9725,2.08
23.994,2.24
24.0155,2.32
24.037,2.48
24.058500000000002,2.48
24.080000000000002,2.56
24.1015,2.8
24.123,2.88
24.1445,2.96
24.166,3.04
24.1875,3.12
24.209,3.28
24.2305,3.36
24.252,3.44
24.273500000000002,3.52
24.295,3.68
24.3165,3.76
24.338,3.84
24.3595,3.92
24.381,4.08
24.4025,4.16
24.424,4.16
24.4455,4.24
24.467,4.4
24.488500000000002,4.48
24.51,4.48
24.5315,4.64
24.553,4.72
24.5745,4.88
24.596,4.96
24.6175,5.04
24.639,5.12
24.6605,5.28
24.682000000000002,5.28
24.703500000000002,5.44
24.725,5.6
24.7465,5.68
24.768,5.76
24.7895,5.84
24.811,5.92
24.8325,6.08
24.854,6.16
24.8755,6.24
24.897000000000002,6.4
24.9185,6.48
24.94,6.56
24.9615,6.64
24.983,6.8
25.0045,6.8
25.026,6.96
25.0475,7.12
25.069,7.12
25.090500000000002,7.2
25.112000000000002,7.28
25.1335,7.36
25.155,7.36
25.1765,7.36
25.198,7.44
25.2195,7.44
25.241,7.68
25.2625,7.68
25.284,7.92
25.305500000000002,8.0
25.327,8.0
25.3485,8.24
25.37,8.32
25.3915,8.56
25.413,8.64
25.4345,8.64
25.456,8.8
25.4775,8.88
25.499,9.04
25.520500000000002,9.12
25.542,9.2
25.5635,9.28
25.585,9.36
25.6065,9.52
25.628,9.6
25.6495,9.68
25.671,9.76
25.6925,9.76
25.714000000000002,9.92
25.735500000000002,10.0
25.757,10.2
25.7785,10.2
25.8,10.2
25.8215,10.4
25.843,10.5
25.8645,10.6
25.886,10.6
25.9075,10.7
25.929000000000002,10.8
25.9505,11.0
25.972,11.0
25.9935,11.1
26.015,11.1
26.0365,11.3
26.058,11.3
26.0795,11.4
26.101,11.4
26.122500000000002,11.5
26.144000000000002,11.6
26.1655,11.7
26.187,11.8
26.2085,11.8
26.23,11.9
26.2515,12.1
26.273,12.2
26.2945,12.2
26.316,12.4
26.337500000000002,12.5
26.359,12.5
26.3805,12.6
26.402,12.6
26.4235,12.7
26.445,12.8
26.4665,12.8
26.488,12.8
26.5095,12.9
26.531,13.0
26.552500000000002,13.0
26.574,13.0
26.5955,13.0
26.617,13.1
26.6385,13.1
26.66,13.3
26.6815,13.2
26.703,13.4
26.7245,13.4
26.746000000000002,13.4
26.767500000000002,13.4
26.789,13.5
26.8105,13.6
26.832,13.6
26.8535,13.7
26.875,13.8
26.8965,13.8
26.918,13.8
26.9395,13.9
26.961000000000002,13.9
26.9825,14.0
27.004,14.0
27.0255,14.0
27.047,14.1
27.0685,14.1
27.09,14.1
27.1115,14.2
27.133,14.2
27.154500000000002,14.2
27.176000000000002,14.2
27.1975,14.2
27.219,14.2
27.2405,14.2
27.262,14.3
27.2835,14.3
27.305,14.4
27.3265,14.4
27.348,14.4
27.369500000000002,14.4
27.391000000000002,14.5
27.4125,14.5
27.434,14.5
27.4555,14.5
27.477,14.6
27.4985,14.6
27.52,14.6
27.5415,14.6
27.563,14.6
27.584500000000002,14.7
27.606,14.7
27.6275,14.7
27.649,14.8
27.6705,14.8
27.692,14.9
27.7135,14.9
27.735,14.9
27.7565,15.0
27.778000000000002,15.0
27.799500000000002,15.0
27.821,15.0
27.8425,15.0
27.864,15.0
27.8855,15.0
27.907,15.0
27.9285,15.1
27.95,15.1
27.9715,15.0
27.993000000000002,15.0
28.0145,15.0
28.036,15.1
28.0575,15.1
28.079,15.1
28.1005,15.2
28.122,15.1
28.1435,15.2
28.165,15.1
28.186500000000002,15.2
28.208000000000002,15.1
28.2295,15.1
28.251,15.2
28.2725,15.2
28.294,15.2
28.3155,15.2
28.337,15.2
28.3585,15.3
28.38,15.2
28.401500000000002,15.2
28.423000000000002,15.2
28.4445,15.3
28.466,15.3
28.4875,15.3
28.509,15.3
28.5305,15.3
28.552,15.2
28.5735,15.3
28.595,15.4
28.616500000000002,15.3
28.638,15.3
28.6595,15.3
28.681,15.3
28.7025,15.3
28.724,15.3
28.7455,15.3
28.767,15.3
28.7885,15.4
28.810000000000002,15.3
28.831500000000002,15.4
28.853,15.3
28.8745,15.3
28.896,15.4
28.9175,15.4
28.939,15.3
28.9605,15.3
28.982,15.3
29.0035,15.4
29.025000000000002,15.3
29.0465,15.3
29.068,15.3
29.0895,15.3
29.111,15.3
29.1325,15.1
29.154,15.1
29.1755,15.1
29.197,15.0
29.218500000000002,15.0
29.240000000000002,14.8
29.2615,14.7
29.283,14.6
29.3045,14.6
29.326,14.6
29.3475,14.6
29.369,14.6
29.3905,14.6
29.412,14.4
29.433500000000002,14.5
29.455000000000002,14.4
29.4765,14.4
29.498,14.4
29.5195,14.4
29.541,14.4
29.5625,14.3
29.584,14.2
29.6055,14.2
29.627,14.2
29.648500000000002,14.2
29.67,14.0
29.6915,14.0
29.713,14.0
29.7345,13.9
29.756,13.8
29.7775,13.8
29.799,13.8
29.8205,13.8
29.842000000000002,13.7
29.863500000000002,13.7
29.885,13.6
29.9065,13.6
29.928,13.6
29.9495,13.5
29.971,13.4
29.9925,13.4
30.014,13.4
30.0355,13.4
30.057000000000002,13.3
30.078500000000002,13.2
30.1,13.2
30.1215,13.2
30.143,13.1
30.1645,13.0
30.186,13.0
30.2075,12.9
30.229,12.8
30.250500000000002,12.7
30.272000000000002,12.7
30.2935,12.6
30.315,12.6
30.3365,12.6
30.358,12.4
30.3795,12.3
30.401,12.3
30.4225,12.2
30.444,12.1
30.465500000000002,12.1
30.487000000000002,12.0
30.5085,12.0
30.53,11.8
30.5515,11.8
30.573,11.8
30.5945,11.7
30.616,11.7
30.6375,11.5
30.659,11.5
30.680500000000002,11.4
30.702,11.3
30.7235,11.3
30.745,11.2
30.7665,11.1
30.788,11.0
30.8095,11.0
30.831,11.0
30.8525,10.9
30.874000000000002,10.8
30.895500000000002,10.8
30.917,10.6
30.9385,10.6
30.96,10.5
30.9815,10.5
31.003,10.4
31.0245,10.3
31.046,10.2
31.0675,10.1
31.089000000000002,10.0
31.110500000000002,9.92
31.132,9.92
31.1535,9.84
31.175,9.6
31.1965,9.52
31.218,9.52
31.2395,9.28
31.261,9.2
31.282500000000002,9.12
31.304000000000002,9.12
31.3255,8.96
31.347,8.96
31.3685,8.88
31.39,8.72
31.4115,8.56
31.433,8.48
31.4545,8.4
31.476,8.24
31.497500000000002,8.16
31.519000000000002,8.08
31.5405,8.0
31.562,7.84
31.5835,7.68
31.605,7.6
31.6265,7.52
31.648,7.36
31.6695,7.28
31.691,7.2
31.712500000000002,7.12
31.734,7.12
31.7555,6.96
31.777,6.8
31.7985,6.72
31.82,6.64
31.8415,6.64
31.863,6.64
31.8845,6.56
31.906000000000002,6.48
31.927500000000002,6.48
31.949,6.32
31.9705,6.16
31.992,5.84
